Rank,Currency,Pressure
1,EUR,1.0
2,AUD,0.9517757131400759
3,NZD,0.9139011513979874
4,CAD,0.8253111533474199
5,GBP,0.6289640311653596
6,CHF,0.5797102988328666
7,SEK,0.5625003658425151
8,JPY,0.3330216067671759
9,NOK,0.28932788025252354
10,USD,0.0
