Rank,Currency,Pressure
1,EUR,1.0
2,AUD,0.7466293601788075
3,CAD,0.5758590633804137
4,NZD,0.350587914091625
5,JPY,0.1642480309719945
6,SEK,0.11428291749823409
7,GBP,0.06478788713777428
8,CHF,0.00796396625002537
9,NOK,0.004039459327144225
