Currency,CN_R2_Raw,CN_R2_Scaled,PCA_R2,AR1_R2
EUR,0.0,0.0006158225271890583,0.26631356010921237,0.000755355357063614
GBP,0.0,7.199906760901875e-05,0.05318920022864193,0.0017519804041219444
JPY,0.0,0.0,0.8331806707369036,0.00020610342589977293
CHF,0.0,0.0001954037375259121,0.5209768627015563,0.0027851397423906965
AUD,0.0,0.00012877065444683033,0.8534084434063597,0.0002035272408114075
CAD,0.0,0.0,0.513663838549981,0.0007751323890664574
NZD,0.0,0.0,0.9046492008526352,9.007572344010839e-06
SEK,0.0,0.0007395496594950757,0.7306545475472459,0.0015613699137126957
NOK,0.0,0.0,0.5013002859140053,0.18615181214887488
